thumbs_up,0.4628891348838806,0.7246809005737305,-2.2104815400325606e-07,0.4273983836174011,0.5973270535469055,-0.02468186989426613,0.3627077341079712,0.48688817024230957,-0.03299451991915703,0.3027975857257843,0.41708260774612427,-0.041244909167289734,0.2620484232902527,0.3594900965690613,-0.04364323243498802,0.27479425072669983,0.5453586578369141,-0.007407133001834154,0.22626689076423645,0.5280115604400635,-0.04985326901078224,0.28827545046806335,0.5539914965629578,-0.07441060990095139,0.33827993273735046,0.5694315433502197,-0.08406716585159302,0.2642686665058136,0.6237658858299255,-0.01105045247823,0.21259881556034088,0.6084345579147339,-0.061750661581754684,0.294270783662796,0.6211950182914734,-0.07923351228237152,0.34973737597465515,0.627822995185852,-0.08043514937162399,0.2688297629356384,0.6963775753974915,-0.020693859085440636,0.22252395749092102,0.694184422492981,-0.07009322196245193,0.3015604317188263,0.6915826797485352,-0.06541704386472702,0.3544595539569855,0.6873236894607544,-0.04955917224287987,0.2843954861164093,0.7653990983963013,-0.03209884837269783,0.24421748518943787,0.7671337723731995,-0.06357606500387192,0.29908064007759094,0.7522157430648804,-0.05721702799201012,0.34160420298576355,0.7363870739936829,-0.04404715076088905
thumbs_up,0.4619528651237488,0.6376491785049438,-2.135091961008584e-07,0.431388795375824,0.5263923406600952,-0.026402896270155907,0.3631090819835663,0.417812705039978,-0.03779614344239235,0.3114752769470215,0.3476712107658386,-0.04910722002387047,0.2865261137485504,0.27886614203453064,-0.05587973818182945,0.2818455100059509,0.4751293361186981,-0.017732327803969383,0.24414700269699097,0.4633800983428955,-0.062037888914346695,0.3058643937110901,0.4853436052799225,-0.08965830504894257,0.3551595211029053,0.49667391180992126,-0.10199496150016785,0.2736162841320038,0.5536934733390808,-0.021534912288188934,0.23583769798278809,0.5424089431762695,-0.07010097056627274,0.31081539392471313,0.5468219518661499,-0.08593391627073288,0.36417198181152344,0.5501078963279724,-0.08792020380496979,0.278140664100647,0.6248729228973389,-0.03164217248558998,0.2463744729757309,0.6249232292175293,-0.07907497137784958,0.31871849298477173,0.6136090159416199,-0.07689288258552551,0.36927399039268494,0.6062707901000977,-0.06447174400091171,0.29072004556655884,0.6898659467697144,-0.04391219839453697,0.2656710743904114,0.6862802505493164,-0.07453608512878418,0.31613942980766296,0.671289324760437,-0.0707680732011795,0.3560755252838135,0.6575517058372498,-0.060850612819194794
peace,0.6770312786102295,0.8227689862251282,4.4516343677969417e-07,0.6445648670196533,0.745914101600647,-0.06523671746253967,0.6364367008209229,0.6575509309768677,-0.08164820820093155,0.6888042688369751,0.5788297653198242,-0.0904645249247551,0.7395530939102173,0.5252166390419006,-0.0943959504365921,0.5958748459815979,0.5381668210029602,-0.020139388740062714,0.5716472864151001,0.4206102788448334,-0.041220687329769135,0.5633203387260437,0.3471220135688782,-0.056145038455724716,0.5570470094680786,0.2859090566635132,-0.06435263156890869,0.6515817642211914,0.534957230091095,-0.0020341051276773214,0.6506488919258118,0.4012368321418762,-0.024545367807149887,0.6586422324180603,0.32212433218955994,-0.039515696465969086,0.6644861698150635,0.25662606954574585,-0.043774500489234924,0.6988996267318726,0.5649070143699646,0.006589103955775499,0.7088017463684082,0.5028643012046814,-0.041167113929986954,0.695173442363739,0.5689858794212341,-0.056078456342220306,0.6843250393867493,0.6138498187065125,-0.04887242615222931,0.7342295050621033,0.6037110686302185,0.01080152578651905,0.7413507103919983,0.5472789406776428,-0.027429688721895218,0.7296165823936462,0.5796415209770203,-0.03275035694241524,0.7200236916542053,0.6043951511383057,-0.025429140776395798
peace,0.6501970291137695,0.8157885074615479,4.325695215356973e-07,0.6165767908096313,0.7388834953308105,-0.055825646966695786,0.6089291572570801,0.6545839309692383,-0.06951438635587692,0.6580926775932312,0.5790405869483948,-0.07766872644424438,0.7051701545715332,0.5282598733901978,-0.08159355819225311,0.5695642828941345,0.545800507068634,-0.012819938361644745,0.547008216381073,0.43585437536239624,-0.03229383006691933,0.537812352180481,0.36507725715637207,-0.04661998525261879,0.5307280421257019,0.30761706829071045,-0.05447528511285782,0.6224462985992432,0.5421838760375977,0.0012081959284842014,0.621167778968811,0.418820321559906,-0.02038012444972992,0.6276897192001343,0.34244853258132935,-0.03655584156513214,0.6332117915153503,0.2787487506866455,-0.04200141504406929,0.6686459183692932,0.570048451423645,0.006867921911180019,0.6777015328407288,0.5130648016929626,-0.03814315050840378,0.6681686639785767,0.578956663608551,-0.052948251366615295,0.6598765850067139,0.6252769231796265,-0.04649493843317032,0.7034766674041748,0.6085283756256104,0.008889551274478436,0.7112740278244019,0.5558471083641052,-0.026442058384418488,0.7020495533943176,0.5904368162155151,-0.030613940209150314,0.693364679813385,0.6185810565948486,-0.022997699677944183
peace,0.6535809636116028,0.8064092397689819,4.051133259963535e-07,0.6194252371788025,0.7333676218986511,-0.05481729283928871,0.6118040084838867,0.6487943530082703,-0.06817378103733063,0.6603411436080933,0.5738376975059509,-0.07598275691270828,0.7056006193161011,0.521561861038208,-0.0793946236371994,0.5711185932159424,0.5437604188919067,-0.015826191753149033,0.5466454029083252,0.43176352977752686,-0.035651471465826035,0.5370985865592957,0.3620607852935791,-0.04910162836313248,0.5298866629600525,0.30370771884918213,-0.056266918778419495,0.6232373118400574,0.537989616394043,-0.0022269608452916145,0.6201890110969543,0.41264525055885315,-0.024558907374739647,0.6269084215164185,0.3349682092666626,-0.03890810161828995,0.6317926645278931,0.2718826234340668,-0.0430658720433712,0.669213593006134,0.5625908374786377,0.0031724993605166674,0.679131031036377,0.50392085313797,-0.04227907210588455,0.6693745255470276,0.568260669708252,-0.055228330194950104,0.6604514122009277,0.6142676472663879,-0.04743468761444092,0.7053461074829102,0.5967283844947815,0.004894552752375603,0.7128305435180664,0.5451290011405945,-0.031156932935118675,0.7052753567695618,0.575565755367279,-0.03550229221582413,0.6984314322471619,0.6006815433502197,-0.027957430109381676
peace,0.655799388885498,0.8042199611663818,4.0130504430635483e-07,0.624834418296814,0.7286821603775024,-0.05605113506317139,0.615813136100769,0.6455867886543274,-0.07018455117940903,0.6633160710334778,0.5717577934265137,-0.0783763974905014,0.7092800140380859,0.5198922157287598,-0.08200788497924805,0.5735816955566406,0.5369704961776733,-0.016710830852389336,0.5499212741851807,0.42739367485046387,-0.035668276250362396,0.5414849519729614,0.3580726981163025,-0.049066632986068726,0.534916877746582,0.3002157211303711,-0.05642760545015335,0.6268079280853271,0.5320801734924316,-0.0018929478246718645,0.6242527365684509,0.4086195230484009,-0.02228296920657158,0.6311839818954468,0.3334978222846985,-0.03640536963939667,0.6359606385231018,0.27158263325691223,-0.040743596851825714,0.6727805733680725,0.5579817295074463,0.0047588893212378025,0.6816996335983276,0.5007650256156921,-0.037751682102680206,0.6716806292533875,0.5640836954116821,-0.05061302334070206,0.6622152924537659,0.6081757545471191,-0.0436173751950264,0.7078917026519775,0.5939169526100159,0.007530843373388052,0.7152450680732727,0.5426844358444214,-0.02574298344552517,0.7094303369522095,0.5654956698417664,-0.030111810192465782,0.7033398151397705,0.5823695063591003,-0.02319452539086342
peace,0.6575639843940735,0.807013988494873,4.1019129071173666e-07,0.6267513632774353,0.7300691604614258,-0.056103773415088654,0.6179064512252808,0.6449442505836487,-0.06984464079141617,0.6658945679664612,0.5688894987106323,-0.0774414986371994,0.7124202847480774,0.5183207988739014,-0.08049516379833221,0.5764737129211426,0.5426865816116333,-0.015053940005600452,0.55246901512146,0.43082064390182495,-0.0329459086060524,0.5430225133895874,0.36063411831855774,-0.045796167105436325,0.5361975431442261,0.30272024869918823,-0.0530533529818058,0.6274417042732239,0.5373126864433289,0.0001936236658366397,0.6249169111251831,0.41273224353790283,-0.01941751502454281,0.6327176690101624,0.3364259600639343,-0.03323272615671158,0.6386401057243347,0.27483049035072327,-0.03777743875980377,0.6724033951759338,0.5613829493522644,0.007140073925256729,0.68160080909729,0.4995148777961731,-0.03557232394814491,0.6729691624641418,0.5587060451507568,-0.049987345933914185,0.6641122102737427,0.6031493544578552,-0.044217776507139206,0.7082316875457764,0.5944297909736633,0.010367676615715027,0.7142727971076965,0.5393747687339783,-0.02415407821536064,0.7056470513343811,0.5712571144104004,-0.029385508969426155,0.6968343257904053,0.6004270315170288,-0.022957321256399155
peace,0.6280184388160706,0.842254638671875,-1.0647777770600442e-07,0.649738073348999,0.739571213722229,0.030920442193746567,0.6443237066268921,0.6439027190208435,0.031891923397779465,0.6066169142723083,0.5736322999000549,0.023058529943227768,0.5663427114486694,0.5458473563194275,0.009473840706050396,0.6665467023849487,0.5730804204940796,0.004135762806981802,0.6350739002227783,0.4498564898967743,-0.0032025924883782864,0.6214748620986938,0.3839349150657654,-0.00978159625083208,0.6147328615188599,0.3246772587299347,-0.01667134091258049,0.6419204473495483,0.5861338973045349,-0.023473050445318222,0.5830733776092529,0.45484086871147156,-0.02945752441883087,0.5535616278648376,0.3782353699207306,-0.036188360303640366,0.5332624912261963,0.3172578811645508,-0.0451495461165905,0.6054869294166565,0.6152051687240601,-0.046733781695365906,0.5339613556861877,0.5411564111709595,-0.047004204243421555,0.5333755612373352,0.5875771641731262,-0.039685193449258804,0.5497086048126221,0.6217302083969116,-0.037260282784700394,0.5644851922988892,0.6517114639282227,-0.06830395013093948,0.5064337253570557,0.5762639045715332,-0.0653265118598938,0.5020764470100403,0.6029648780822754,-0.05264006555080414,0.5138860940933228,0.6300948858261108,-0.04492461681365967
peace,0.5740417838096619,0.8374614715576172,2.1098675517805532e-07,0.522257387638092,0.7899500131607056,-0.019260793924331665,0.4873806834220886,0.7035897970199585,-0.03609688580036163,0.4908744692802429,0.626492977142334,-0.058318447321653366,0.5315677523612976,0.5923184156417847,-0.07877905666828156,0.5331839919090271,0.5966031551361084,0.00020280512399040163,0.5196042060852051,0.487345814704895,-0.027028610929846764,0.5091671943664551,0.4225218892097473,-0.042514968663454056,0.5040979385375977,0.3707580268383026,-0.05067066475749016,0.5733835101127625,0.5957834124565125,-0.011518159881234169,0.5707478523254395,0.47210246324539185,-0.044211260974407196,0.5645914673805237,0.39513030648231506,-0.06179947406053543,0.5586723685264587,0.3339683413505554,-0.06588439643383026,0.6119511723518372,0.6132873892784119,-0.02819860354065895,0.5678861141204834,0.5559638142585754,-0.07402761280536652,0.5474427938461304,0.6303151249885559,-0.07934889942407608,0.5448512434959412,0.6896631717681885,-0.0665583685040474,0.6457387208938599,0.6425830125808716,-0.046561598777770996,0.5961626172065735,0.5904848575592041,-0.07827892154455185,0.5751712918281555,0.6457502841949463,-0.07523366063833237,0.5726304650306702,0.6971573233604431,-0.06295301020145416
peace,0.5969648361206055,0.7961434125900269,4.050029076552164e-07,0.5702947974205017,0.740052342414856,-0.06404659897089005,0.5730565786361694,0.6578108072280884,-0.0789460614323616,0.6225165128707886,0.5858837366104126,-0.08288685977458954,0.6657382845878601,0.5424728393554688,-0.081583671271801,0.5202645659446716,0.558460533618927,-0.04013736918568611,0.5089008212089539,0.44219401478767395,-0.05736503750085831,0.5059195160865784,0.37009286880493164,-0.0685477927327156,0.5041555762290955,0.3096485137939453,-0.0750054344534874,0.5638444423675537,0.5469281077384949,-0.017226258292794228,0.5599631071090698,0.41750815510749817,-0.03465483710169792,0.5665066242218018,0.34410539269447327,-0.04531979560852051,0.5702342987060547,0.28386425971984863,-0.04854580760002136,0.6037229895591736,0.5612682700157166,-0.0010825707577168941,0.6255167126655579,0.49518969655036926,-0.03808436542749405,0.6247846484184265,0.5492161512374878,-0.05031313747167587,0.6166232824325562,0.5848625302314758,-0.04527215659618378,0.6349704265594482,0.5859526991844177,0.010917343199253082,0.6587387323379517,0.540947675704956,-0.020579535514116287,0.6588768362998962,0.5720422267913818,-0.027123618870973587,0.651007354259491,0.5951298475265503,-0.02273065596818924
peace,0.5669937133789062,0.8144892454147339,2.006605370752368e-07,0.5136017799377441,0.7577137351036072,-0.03536808863282204,0.4960881173610687,0.6723982691764832,-0.04708246514201164,0.5393781661987305,0.6045853495597839,-0.05812722072005272,0.5871097445487976,0.5726040005683899,-0.06698887795209885,0.49279898405075073,0.5683390498161316,-0.012136409059166908,0.46916690468788147,0.46403205394744873,-0.033580295741558075,0.4586562216281891,0.40240389108657837,-0.04726846143603325,0.4528824985027313,0.3493015468120575,-0.05512145534157753,0.5396625995635986,0.562772810459137,-0.011801168322563171,0.5388938784599304,0.44384363293647766,-0.036053258925676346,0.5403791069984436,0.37487661838531494,-0.04886529594659805,0.5423983931541443,0.3198932111263275,-0.05236249417066574,0.5826878547668457,0.585366427898407,-0.017303381115198135,0.5832697749137878,0.5356539487838745,-0.060720618814229965,0.570223867893219,0.605624794960022,-0.06709729880094528,0.56516432762146,0.6563912034034729,-0.05640130117535591,0.6207137703895569,0.6212735176086426,-0.025266623124480247,0.6185940504074097,0.5689905285835266,-0.05855509638786316,0.6024386882781982,0.6175809502601624,-0.0557088665664196,0.5957852602005005,0.6598477363586426,-0.04416316747665405
peace,0.531914472579956,0.8096213936805725,3.4070371413008615e-08,0.4847352206707001,0.753911018371582,-0.028083838522434235,0.4600653648376465,0.6592122912406921,-0.04362712800502777,0.49108588695526123,0.593934178352356,-0.061550453305244446,0.5427843332290649,0.5736442804336548,-0.07805010676383972,0.5003158450126648,0.562934160232544,-0.00922713615000248,0.48468151688575745,0.4610111117362976,-0.038734667003154755,0.4736453592777252,0.3994961380958557,-0.057130079716444016,0.46716606616973877,0.346183180809021,-0.06782424449920654,0.5448685884475708,0.5662791728973389,-0.01589498482644558,0.5499159693717957,0.44450196623802185,-0.048597726970911026,0.5461379289627075,0.3748313784599304,-0.0654294490814209,0.545867383480072,0.3167998194694519,-0.07021656632423401,0.586103081703186,0.593591570854187,-0.02817821502685547,0.5614336133003235,0.5363571047782898,-0.07817352563142776,0.5394164323806763,0.6102858781814575,-0.08562930673360825,0.5360023379325867,0.6690004467964172,-0.07435956597328186,0.6225003004074097,0.6335569024085999,-0.04251422733068466,0.5899882912635803,0.5823690295219421,-0.07908552885055542,0.5668743848800659,0.633219838142395,-0.0781656950712204,0.5626236200332642,0.6795329451560974,-0.06773029267787933
peace,0.5519520044326782,0.8482654690742493,6.112097850063947e-08,0.49812307953834534,0.7910727262496948,-0.034839335829019547,0.4756334125995636,0.7081235647201538,-0.04586673900485039,0.5128073692321777,0.6356135606765747,-0.05638701468706131,0.5604364275932312,0.5991279482841492,-0.06509875506162643,0.47048407793045044,0.6078409552574158,-0.011244136840105057,0.4420534372329712,0.49993616342544556,-0.030855530872941017,0.4270060658454895,0.43889889121055603,-0.04286029189825058,0.41955485939979553,0.385844349861145,-0.04953748360276222,0.5160547494888306,0.5993597507476807,-0.010595395229756832,0.5097751617431641,0.4745725393295288,-0.033348530530929565,0.5060477256774902,0.40386974811553955,-0.04518391937017441,0.5048149824142456,0.3490948975086212,-0.04814830422401428,0.5602394342422485,0.6182547211647034,-0.01565694250166416,0.5523998737335205,0.5629122853279114,-0.059137675911188126,0.5423336625099182,0.6376278400421143,-0.06673313677310944,0.5416630506515503,0.6920954585075378,-0.05687268078327179,0.5995364785194397,0.6488092541694641,-0.022928647696971893,0.5898371338844299,0.5887209177017212,-0.05674440786242485,0.5770024657249451,0.6388198733329773,-0.05471230670809746,0.5744220018386841,0.6830443739891052,-0.0440681166946888
fist,0.48074203729629517,0.46027815341949463,-6.350579155878222e-07,0.3964317739009857,0.5109717845916748,-0.09180035442113876,0.33744192123413086,0.571016252040863,-0.16447146236896515,0.3555867075920105,0.6511435508728027,-0.22095517814159393,0.40533992648124695,0.6936132907867432,-0.26910996437072754,0.3666345477104187,0.38330158591270447,-0.18942302465438843,0.38701045513153076,0.5531327724456787,-0.251959890127182,0.40426844358444214,0.6452544927597046,-0.2709657549858093,0.41514283418655396,0.668067455291748,-0.2844475507736206,0.46117597818374634,0.3555680215358734,-0.17163144052028656,0.4741930365562439,0.5678090453147888,-0.22488750517368317,0.46846306324005127,0.6445963382720947,-0.22165140509605408,0.4693749248981476,0.6327993869781494,-0.2265811711549759,0.5410627722740173,0.36383888125419617,-0.15622034668922424,0.5484254956245422,0.5704485774040222,-0.20611150562763214,0.5232690572738647,0.6231344938278198,-0.1911161243915558,0.5126307606697083,0.592609167098999,-0.18500933051109314,0.6071724891662598,0.3887234330177307,-0.1488315463066101,0.6041237115859985,0.5503106117248535,-0.18854846060276031,0.5757583975791931,0.5911204814910889,-0.18923330307006836,0.5607398152351379,0.5617638826370239,-0.19098635017871857
fist,0.6103986501693726,0.4605448544025421,-7.555867114206194e-07,0.49123233556747437,0.5067793130874634,-0.020378459244966507,0.40795600414276123,0.5328860282897949,-0.05147663503885269,0.3553594648838043,0.560185432434082,-0.08605172485113144,0.34250780940055847,0.5872308015823364,-0.11761534959077835,0.3225928246974945,0.34582337737083435,-0.020025553181767464,0.3077133297920227,0.49531787633895874,-0.06503593176603317,0.3446483016014099,0.5395277142524719,-0.10284007340669632,0.3750063478946686,0.5222594738006592,-0.1278599500656128,0.34546607732772827,0.33528801798820496,-0.0354008711874485,0.3252040147781372,0.511200487613678,-0.07384082674980164,0.3595901429653168,0.5494257211685181,-0.09228972345590591,0.3890463411808014,0.5245826840400696,-0.10537540167570114,0.3801878094673157,0.3500680923461914,-0.05597645416855812,0.3611361086368561,0.5158882141113281,-0.09019593894481659,0.39058732986450195,0.5478188991546631,-0.0909290760755539,0.41605573892593384,0.5209969282150269,-0.08984410017728806,0.4178508520126343,0.37809908390045166,-0.08065690100193024,0.389480322599411,0.517789900302887,-0.095770463347435,0.4075720012187958,0.5504550933837891,-0.08993556350469589,0.42710861563682556,0.533123791217804,-0.0845850333571434
fist,0.35269632935523987,0.4904401898384094,-5.6494904754345043e-08,0.4063420295715332,0.47467198967933655,-0.07019693404436111,0.47726011276245117,0.46321165561676025,-0.08856938779354095,0.5469752550125122,0.49053117632865906,-0.09282562136650085,0.594201922416687,0.520577073097229,-0.08482541888952255,0.5319133400917053,0.3240617513656616,-0.027094200253486633,0.6011586785316467,0.4307487905025482,-0.0548967570066452,0.5590299367904663,0.46272775530815125,-0.07172438502311707,0.5264535546302795,0.4528053104877472,-0.07627532631158829,0.5381804704666138,0.3705082833766937,0.006502033676952124,0.6010260581970215,0.4567612111568451,-0.023088494315743446,0.5582998394966125,0.4814484715461731,-0.03715326264500618,0.5289642810821533,0.4668321907520294,-0.03770383447408676,0.5417296886444092,0.4220355451107025,0.030995361506938934,0.5873526930809021,0.4859364330768585,0.0030656601302325726,0.5477733016014099,0.5032680630683899,-0.0016923052025958896,0.5246874094009399,0.48288851976394653,0.00449293153360486,0.5419508218765259,0.4605250656604767,0.05023806169629097,0.5769155025482178,0.5057188272476196,0.03648736700415611,0.5483106970787048,0.5179151892662048,0.03642828390002251,0.5276271104812622,0.4986304044723511,0.042293235659599304
fist,0.3290528953075409,0.6758591532707214,-6.668894911854295e-07,0.2354569286108017,0.6304965019226074,-0.03191888704895973,0.15840423107147217,0.5527387261390686,-0.05523061007261276,0.15824484825134277,0.4498029351234436,-0.08015771955251694,0.2214963585138321,0.39893075823783875,-0.09880875796079636,0.17856144905090332,0.4236195385456085,-0.0056532383896410465,0.1644909530878067,0.3502979874610901,-0.05492712929844856,0.19039733707904816,0.43619903922080994,-0.0841335579752922,0.2103119045495987,0.5044121146202087,-0.09600307792425156,0.2405078113079071,0.40797483921051025,-0.009975763037800789,0.22684910893440247,0.33849358558654785,-0.06218019127845764,0.2535419762134552,0.44796985387802124,-0.07934402674436569,0.2676718831062317,0.5232449769973755,-0.07763876765966415,0.300959050655365,0.40306374430656433,-0.022644944489002228,0.2876555621623993,0.3439514935016632,-0.07682039588689804,0.30258890986442566,0.45781153440475464,-0.07003028690814972,0.3099692165851593,0.5397382974624634,-0.04906750097870827,0.3608941435813904,0.41285261511802673,-0.03833198919892311,0.3425205647945404,0.35931089520454407,-0.07726962119340897,0.34388619661331177,0.4428975582122803,-0.06913994252681732,0.34665432572364807,0.5094817280769348,-0.051185376942157745
fist,0.5479387044906616,0.7342970967292786,-2.531478742184845e-07,0.6332180500030518,0.6287729144096375,0.023758940398693085,0.644400417804718,0.5356777310371399,0.021481908857822418,0.6084080934524536,0.48332926630973816,0.010445946827530861,0.5552314519882202,0.4666711986064911,-0.005352186504751444,0.6551666259765625,0.42671865224838257,0.01526953000575304,0.5820455551147461,0.39288145303726196,0.009313571266829967,0.5560252070426941,0.446320116519928,-0.0024206177331507206,0.5600352883338928,0.49293550848960876,-0.012803812511265278,0.5947282910346985,0.41494280099868774,-0.008546382188796997,0.5268905162811279,0.3959941565990448,-0.0013790306402370334,0.5082588195800781,0.453224241733551,-0.002726725535467267,0.517986536026001,0.4973239004611969,-0.009570484980940819,0.525684654712677,0.43187740445137024,-0.030172673985362053,0.47048455476760864,0.42670607566833496,-0.027548737823963165,0.46210843324661255,0.4855826497077942,-0.026905516162514687,0.4789583683013916,0.5241525769233704,-0.03152776136994362,0.4574599266052246,0.4616093039512634,-0.05040227621793747,0.4202994108200073,0.47346624732017517,-0.04962386563420296,0.42173755168914795,0.5259570479393005,-0.04040846973657608,0.4393877387046814,0.5580158233642578,-0.03398236259818077
fist,0.39829879999160767,0.7530759572982788,-8.043163006732357e-07,0.3100680708885193,0.6672415733337402,-0.012784655205905437,0.2735089063644409,0.5896320343017578,-0.0332174189388752,0.24734334647655487,0.5409353375434875,-0.057139985263347626,0.22201955318450928,0.498348206281662,-0.07574570924043655,0.3947155475616455,0.39626359939575195,-0.0012547012884169817,0.25453728437423706,0.391584575176239,-0.04360981658101082,0.2517317831516266,0.4824581444263458,-0.08287008106708527,0.28530827164649963,0.5168347358703613,-0.10892241448163986,0.39349594712257385,0.39535874128341675,-0.015506013296544552,0.23649342358112335,0.3952069878578186,-0.050489649176597595,0.2436814159154892,0.4885754883289337,-0.06638172268867493,0.28784602880477905,0.5151779651641846,-0.07618284225463867,0.37543702125549316,0.4136759042739868,-0.03452219441533089,0.23091183602809906,0.42082834243774414,-0.05867849290370941,0.23923082649707794,0.507444441318512,-0.04973772168159485,0.28162091970443726,0.5285080075263977,-0.04436732828617096,0.34659865498542786,0.44412845373153687,-0.05815534293651581,0.23354974389076233,0.4598775804042816,-0.0745217353105545,0.24402272701263428,0.5274938941001892,-0.0680561363697052,0.2848236858844757,0.5503877997398376,-0.06053756922483444
fist,0.4046862721443176,0.7941516637802124,-7.678635824959201e-07,0.312470018863678,0.654841959476471,-0.04550827294588089,0.25407177209854126,0.5483360886573792,-0.0866897851228714,0.2140476256608963,0.5005640983581543,-0.12161696702241898,0.19316323101520538,0.5315807461738586,-0.14925342798233032,0.394742876291275,0.4022047221660614,-0.08136722445487976,0.2327732890844345,0.45911166071891785,-0.12388737499713898,0.2253013402223587,0.5371402502059937,-0.14335951209068298,0.25819456577301025,0.5592266321182251,-0.15612873435020447,0.435946524143219,0.47710251808166504,-0.08698496222496033,0.24916815757751465,0.5508047938346863,-0.1234479770064354,0.2563474774360657,0.6096776127815247,-0.12584953010082245,0.2951231002807617,0.6197053790092468,-0.12948322296142578,0.45150238275527954,0.5731921195983887,-0.09635863453149796,0.28037744760513306,0.6374599933624268,-0.12820011377334595,0.29072099924087524,0.6797438859939575,-0.11605727672576904,0.32998859882354736,0.6861898899078369,-0.10798098891973495,0.4502737522125244,0.6742983460426331,-0.11151128262281418,0.32605764269828796,0.7058287858963013,-0.13282863795757294,0.3200974464416504,0.7324494123458862,-0.12477817386388779,0.34288907051086426,0.7379087209701538,-0.11638011038303375
fist,0.2691184878349304,0.5938290953636169,-2.475356097875192e-07,0.3001624345779419,0.6980068683624268,-0.10425174236297607,0.33175423741340637,0.7490589022636414,-0.17540507018566132,0.38755524158477783,0.7174990177154541,-0.22487013041973114,0.425687700510025,0.6598032712936401,-0.2648608386516571,0.20254963636398315,0.6651809811592102,-0.1861124187707901,0.35278454422950745,0.6798961162567139,-0.23731079697608948,0.3565239906311035,0.6861855983734131,-0.25497034192085266,0.326953649520874,0.6722403764724731,-0.2717863619327545,0.20007891952991486,0.5561240911483765,-0.15745320916175842,0.36982619762420654,0.5851539373397827,-0.20371268689632416,0.35097354650497437,0.603544294834137,-0.20268477499485016,0.3037313222885132,0.5941011905670166,-0.20881028473377228,0.21483276784420013,0.46938782930374146,-0.13180416822433472,0.37360018491744995,0.4970674514770508,-0.17398189008235931,0.3456541895866394,0.5164350867271423,-0.16074839234352112,0.29434412717819214,0.506693422794342,-0.15486134588718414,0.2358083575963974,0.4104423224925995,-0.11599752306938171,0.35040149092674255,0.41870787739753723,-0.15843325853347778,0.33735090494155884,0.43839922547340393,-0.1666584461927414,0.3010495603084564,0.432115375995636,-0.17121121287345886
open_hand,0.3875678479671478,0.7459123134613037,3.8171808114384476e-07,0.29876813292503357,0.7006320953369141,-0.04046761617064476,0.2231513410806656,0.6321707963943481,-0.06279367953538895,0.1729048192501068,0.5573664903640747,-0.08257795125246048,0.12908388674259186,0.49941444396972656,-0.10099650919437408,0.2696499824523926,0.45692262053489685,-0.023885134607553482,0.23920057713985443,0.3389466404914856,-0.045775849372148514,0.22634679079055786,0.26618000864982605,-0.06712209433317184,0.21867646276950836,0.2027408629655838,-0.08387914299964905,0.3233783543109894,0.43238401412963867,-0.023692075163125992,0.31419849395751953,0.299730509519577,-0.039722319692373276,0.31056129932403564,0.2196705937385559,-0.05640788748860359,0.30707064270973206,0.15801450610160828,-0.07050547748804092,0.37565797567367554,0.43870171904563904,-0.030453762039542198,0.376615047454834,0.31924957036972046,-0.04783446714282036,0.3764989376068115,0.24496296048164368,-0.0648035854101181,0.37457042932510376,0.18387404084205627,-0.07806789875030518,0.4283708333969116,0.4657509922981262,-0.0419156514108181,0.4517908990383148,0.3772236406803131,-0.056561123579740524,0.46361517906188965,0.31789061427116394,-0.06669516116380692,0.4728451371192932,0.26345163583755493,-0.07492025196552277
open_hand,0.36704152822494507,0.7490692138671875,3.7523506080106017e-07,0.27593734860420227,0.7059550285339355,-0.040788959711790085,0.19992870092391968,0.6368510723114014,-0.06339102238416672,0.14912770688533783,0.5623984336853027,-0.08329419046640396,0.10430002212524414,0.5064212679862976,-0.10220255702733994,0.24758204817771912,0.458570271730423,-0.027270765975117683,0.21624591946601868,0.3383873701095581,-0.05069679021835327,0.20244823396205902,0.2632277309894562,-0.07301323860883713,0.19385093450546265,0.1977643370628357,-0.09048136323690414,0.30254054069519043,0.4342844486236572,-0.027206789702177048,0.29299280047416687,0.30066579580307007,-0.0444062165915966,0.28931376338005066,0.2202291041612625,-0.061627063900232315,0.2858158349990845,0.15691280364990234,-0.07614400237798691,0.3558666706085205,0.4411849081516266,-0.03391672298312187,0.35671091079711914,0.3183380365371704,-0.05294862017035484,0.3564814031124115,0.243771493434906,-0.07027052342891693,0.35446128249168396,0.18107430636882782,-0.08361394703388214,0.40961116552352905,0.4691627621650696,-0.04522855207324028,0.4336036741733551,0.37882110476493835,-0.06159886345267296,0.4456442892551422,0.3185463845729828,-0.0724244937300682,0.4548983573913574,0.2618793249130249,-0.08097648620605469
open_hand,0.5361742973327637,0.7154484987258911,3.4335633358750783e-07,0.4625674784183502,0.6722266674041748,-0.04184383898973465,0.4037846326828003,0.6091510057449341,-0.06636777520179749,0.3674643337726593,0.5351434350013733,-0.08761662244796753,0.33339619636535645,0.4792133569717407,-0.10739022493362427,0.437965989112854,0.4503970444202423,-0.033362388610839844,0.4120729863643646,0.3398718535900116,-0.05905335769057274,0.4034944176673889,0.27047038078308105,-0.08165278285741806,0.40028494596481323,0.209970161318779,-0.09833909571170807,0.48493659496307373,0.4310709834098816,-0.031033961102366447,0.4773479998111725,0.30983686447143555,-0.05150818079710007,0.47577860951423645,0.23407329618930817,-0.06962685286998749,0.47542139887809753,0.17265039682388306,-0.08373785018920898,0.5302391648292542,0.439632385969162,-0.03460085019469261,0.5287261009216309,0.33166760206222534,-0.05404863506555557,0.5266814827919006,0.2620640993118286,-0.0709361881017685,0.523809015750885,0.2063385546207428,-0.08310946077108383,0.5763097405433655,0.46726012229919434,-0.04254025220870972,0.5929169058799744,0.3848543167114258,-0.057679433375597,0.6024259328842163,0.32893437147140503,-0.0675700455904007,0.610694944858551,0.2786610424518585,-0.07491716742515564
open_hand,0.2870166003704071,0.7669743299484253,1.6277269310194242e-07,0.35981935262680054,0.6919904351234436,0.00720598828047514,0.40380728244781494,0.611606240272522,0.009174145758152008,0.4139597713947296,0.5161293745040894,0.010786227881908417,0.4346463084220886,0.4570188820362091,0.009991454891860485,0.3365684449672699,0.4905630350112915,-0.014794211834669113,0.3355381488800049,0.3540993928909302,-0.022505786269903183,0.3296338617801666,0.27854055166244507,-0.02491162344813347,0.32399314641952515,0.2195860743522644,-0.026964053511619568,0.27798736095428467,0.49276041984558105,-0.023648202419281006,0.2499566674232483,0.34120869636535645,-0.03496013954281807,0.23063556849956512,0.2617225646972656,-0.0393759161233902,0.2190524935722351,0.20580166578292847,-0.04283452033996582,0.22703522443771362,0.5172991752624512,-0.030178098008036613,0.19309718906879425,0.38717758655548096,-0.04101620614528656,0.18008923530578613,0.313807874917984,-0.04379173368215561,0.17277340590953827,0.2603813707828522,-0.045605551451444626,0.18084436655044556,0.5590051412582397,-0.034976776689291,0.14085108041763306,0.46105462312698364,-0.042863111943006516,0.11885455250740051,0.4077382981777191,-0.04226180538535118,0.10555028915405273,0.3625362515449524,-0.04013301059603691
open_hand,0.4372555613517761,0.7582668662071228,2.9640219167959003e-07,0.3646654188632965,0.7189987301826477,-0.027489546686410904,0.3109966516494751,0.6575340032577515,-0.043519556522369385,0.2802656292915344,0.5911723971366882,-0.05818571150302887,0.24866445362567902,0.5409461855888367,-0.0718204528093338,0.3573952913284302,0.5275487899780273,-0.01571708358824253,0.33972275257110596,0.43168964982032776,-0.03276984766125679,0.3330555558204651,0.3730365037918091,-0.04933646693825722,0.32946595549583435,0.3223879337310791,-0.06214490160346031,0.402400940656662,0.5138320326805115,-0.01748257502913475,0.399696409702301,0.40922975540161133,-0.029832439497113228,0.4002154469490051,0.3442137837409973,-0.0433594174683094,0.4004622995853424,0.2921476364135742,-0.05449599772691727,0.44435790181159973,0.523665189743042,-0.024080034345388412,0.44827085733413696,0.4271487295627594,-0.037685539573431015,0.4503200054168701,0.3681315779685974,-0.0508369617164135,0.45101290941238403,0.3203391432762146,-0.060746919363737106,0.48675811290740967,0.5499398708343506,-0.03377462550997734,0.5056615471839905,0.4784393906593323,-0.04547951743006706,0.51507568359375,0.43069934844970703,-0.05287710204720497,0.5227705836296082,0.38738036155700684,-0.05843401327729225
open_hand,0.2578486502170563,0.8258600831031799,1.4242964141431003e-07,0.3213443160057068,0.7588729858398438,-0.0031779727432876825,0.3621681034564972,0.6824971437454224,-0.006378959398716688,0.372521311044693,0.5969949960708618,-0.008757883682847023,0.3859322965145111,0.540074348449707,-0.013407201506197453,0.3058691918849945,0.5850344896316528,-0.028224855661392212,0.3078705072402954,0.4615074396133423,-0.041008301079273224,0.30607396364212036,0.3942835330963135,-0.046838030219078064,0.3037278652191162,0.3408249616622925,-0.05122099444270134,0.25603121519088745,0.5903881788253784,-0.0348195843398571,0.2368285357952118,0.45557013154029846,-0.05054327845573425,0.22414566576480865,0.37928932905197144,-0.0590098537504673,0.21509066224098206,0.3233303129673004,-0.06601447612047195,0.2123551070690155,0.6124455332756042,-0.039900701493024826,0.18711426854133606,0.494499146938324,-0.055360063910484314,0.17702920734882355,0.4249798655509949,-0.06228220835328102,0.17057834565639496,0.3728320598602295,-0.06706719100475311,0.17285281419754028,0.6469504833221436,-0.04410767927765846,0.14237089455127716,0.5550738573074341,-0.05739808455109596,0.1261376589536667,0.5044317841529846,-0.06132082641124725,0.11526705324649811,0.4606919288635254,-0.06279692053794861
open_hand,0.3808380961418152,0.7556816935539246,2.4689941824362904e-07,0.4409411549568176,0.6950345039367676,-0.00420281570404768,0.47364526987075806,0.625593900680542,-0.008976005017757416,0.478299617767334,0.5460656881332397,-0.012748904526233673,0.4930267035961151,0.4926353394985199,-0.018590863794088364,0.41928553581237793,0.521830141544342,-0.02706211246550083,0.4189132750034332,0.40386930108070374,-0.039545923471450806,0.4148697257041931,0.3358474373817444,-0.04562155157327652,0.4100489020347595,0.28321903944015503,-0.050046373158693314,0.37098929286003113,0.5264201164245605,-0.03281315788626671,0.34744372963905334,0.3932519853115082,-0.04738384112715721,0.3322300314903259,0.31919825077056885,-0.0554521381855011,0.3227382004261017,0.26721373200416565,-0.06158658489584923,0.3274896740913391,0.5485550165176392,-0.03729448840022087,0.3012419044971466,0.4313124418258667,-0.05208953842520714,0.2878672480583191,0.3605489134788513,-0.06025151535868645,0.2792189419269562,0.3090406358242035,-0.06555420905351639,0.28707048296928406,0.5843284130096436,-0.04073745012283325,0.25173813104629517,0.4968302845954895,-0.05464954674243927,0.23210306465625763,0.44677257537841797,-0.05976250395178795,0.21919114887714386,0.404278039932251,-0.06146895885467529
open_hand,0.2877088785171509,0.8403105139732361,1.7733545121245697e-07,0.20835718512535095,0.7963255643844604,-0.02421306073665619,0.14726826548576355,0.7188115119934082,-0.035501670092344284,0.11038962006568909,0.6430386900901794,-0.046773530542850494,0.0686596930027008,0.6003124713897705,-0.05783750116825104,0.19661006331443787,0.5780515670776367,-0.006026464980095625,0.16997618973255157,0.4725479483604431,-0.02023562230169773,0.15808731317520142,0.40927672386169434,-0.035820335149765015,0.1504347026348114,0.3549397587776184,-0.048974838107824326,0.24299804866313934,0.5595819354057312,-0.010379524901509285,0.23742017149925232,0.43737635016441345,-0.020233916118741035,0.23508724570274353,0.36854690313339233,-0.032063696533441544,0.2333964705467224,0.31609421968460083,-0.04258342087268829,0.28790050745010376,0.5666427612304688,-0.020022103562951088,0.28844568133354187,0.4543115794658661,-0.031355272978544235,0.2888784110546112,0.3907938301563263,-0.04184843599796295,0.28943225741386414,0.339594304561615,-0.05098431184887886,0.3342314064502716,0.5922587513923645,-0.033235110342502594,0.3484252393245697,0.5096570253372192,-0.04211438447237015,0.3551214337348938,0.455807089805603,-0.04690196365118027,0.36038264632225037,0.40700626373291016,-0.05189821496605873
